{"cameraMode":{"drawMode":0,"name":"Shaded","section":"Shading Mode"},"sceneLighting":true,"audioPlay":false,"sceneViewState":{"m_AlwaysRefresh":false,"showFog":true,"showSkybox":true,"showFlares":true,"showImageEffects":true,"showParticleSystems":true,"showVisualEffectGraphs":true,"m_FxEnabled":true},"in2DMode":false,"pivot":{"x":27.678016662597658,"y":18.992387771606447,"z":-9.204804420471192},"rotation":{"x":-0.08456206321716309,"y":0.24317751824855805,"z":-0.021286433562636377,"w":-0.9660660028457642},"size":18.54425621032715,"orthographic":true}